<?xml version="1.1" encoding="UTF-8" standalone="yes"?>
<addon id="plugin.video.premiumstreams"
       name="Premium Streams"
       version="1.0"
       provider-name="sClarke">
  <requires>
    <import addon="xbmc.python" version="2.1.0"/>
	<import addon="script.module.requests" />
  </requires>
  <extension point="xbmc.python.pluginsource"
            library="default.py">
        <provides>video</provides>
  </extension>
  <extension point="xbmc.addon.metadata">
    <summary lang="en">Premium Streams - Offering only the best IPTV</summary>
    <language>en</language>
    <description>Premium Streams - Offering only the best IPTV</description>
    <disclaimer>The author does not host or distribute any of the content displayed by this addon. The author does not have any affiliation with the content providers.</disclaimer>
	<assets>
		<icon>icon.png</icon>
		<fanart>fanart.jpg</fanart>
	</assets>
    <platform>all</platform>
  </extension>
</addon>

